2,person,Thu Apr 18 16:14:51 2024
2,person,Thu Apr 18 16:14:52 2024
2,person,Thu Apr 18 16:14:52 2024
2,person,Thu Apr 18 16:14:52 2024
3,person,Thu Apr 18 16:14:52 2024
3,person,Thu Apr 18 16:14:52 2024
2,person,Thu Apr 18 16:14:53 2024
2,person,Thu Apr 18 16:14:53 2024
3,person,Thu Apr 18 16:14:54 2024
3,person,Thu Apr 18 16:14:54 2024
3,person,Thu Apr 18 16:14:54 2024
2,person,Thu Apr 18 16:14:54 2024
2,person,Thu Apr 18 16:14:54 2024
2,person,Thu Apr 18 16:14:54 2024
2,person,Thu Apr 18 16:14:56 2024
3,person,Thu Apr 18 16:14:56 2024
2,person,Thu Apr 18 16:14:56 2024
3,person,Thu Apr 18 16:14:57 2024
3,person,Thu Apr 18 16:14:57 2024
5,person,Thu Apr 18 16:14:57 2024
5,person,Thu Apr 18 16:14:57 2024
5,person,Thu Apr 18 16:14:57 2024
5,person,Thu Apr 18 16:14:57 2024
5,person,Thu Apr 18 16:14:57 2024
5,person,Thu Apr 18 16:14:57 2024
5,person,Thu Apr 18 16:14:57 2024
5,person,Thu Apr 18 16:14:58 2024
5,person,Thu Apr 18 16:14:58 2024
5,person,Thu Apr 18 16:14:58 2024
2,person,Thu Apr 18 16:14:58 2024
3,person,Thu Apr 18 16:14:58 2024
5,person,Thu Apr 18 16:14:58 2024
5,person,Thu Apr 18 16:14:58 2024
5,person,Thu Apr 18 16:14:58 2024
5,person,Thu Apr 18 16:14:59 2024
5,person,Thu Apr 18 16:14:59 2024
5,person,Thu Apr 18 16:14:59 2024
4,person,Thu Apr 18 16:14:59 2024
4,person,Thu Apr 18 16:14:59 2024
4,person,Thu Apr 18 16:14:59 2024
4,person,Thu Apr 18 16:14:59 2024
4,person,Thu Apr 18 16:14:59 2024
4,person,Thu Apr 18 16:14:59 2024
4,person,Thu Apr 18 16:14:59 2024
6,person,Thu Apr 18 16:15:00 2024
4,person,Thu Apr 18 16:15:00 2024
5,person,Thu Apr 18 16:15:00 2024
6,person,Thu Apr 18 16:15:00 2024
7,person,Thu Apr 18 16:15:00 2024
7,person,Thu Apr 18 16:15:00 2024
8,person,Thu Apr 18 16:15:00 2024
6,person,Thu Apr 18 16:15:00 2024
7,person,Thu Apr 18 16:15:00 2024
6,person,Thu Apr 18 16:15:01 2024
6,person,Thu Apr 18 16:15:01 2024
6,person,Thu Apr 18 16:15:01 2024
7,person,Thu Apr 18 16:15:01 2024
5,person,Thu Apr 18 16:15:01 2024
7,person,Thu Apr 18 16:15:01 2024
6,person,Thu Apr 18 16:15:01 2024
7,person,Thu Apr 18 16:15:01 2024
5,person,Thu Apr 18 16:15:01 2024
5,person,Thu Apr 18 16:15:02 2024
4,person,Thu Apr 18 16:15:02 2024
5,person,Thu Apr 18 16:15:02 2024
6,person,Thu Apr 18 16:15:02 2024
7,person,Thu Apr 18 16:15:02 2024
6,person,Thu Apr 18 16:15:02 2024
6,person,Thu Apr 18 16:15:02 2024
5,person,Thu Apr 18 16:15:02 2024
5,person,Thu Apr 18 16:15:02 2024
5,person,Thu Apr 18 16:15:02 2024
4,person,Thu Apr 18 16:15:03 2024
5,person,Thu Apr 18 16:15:03 2024
4,person,Thu Apr 18 16:15:03 2024
4,person,Thu Apr 18 16:15:03 2024
5,person,Thu Apr 18 16:15:03 2024
6,person,Thu Apr 18 16:15:03 2024
6,person,Thu Apr 18 16:15:03 2024
4,person,Thu Apr 18 16:15:03 2024
5,person,Thu Apr 18 16:15:03 2024
5,person,Thu Apr 18 16:15:04 2024
4,person,Thu Apr 18 16:15:04 2024
5,person,Thu Apr 18 16:15:04 2024
5,person,Thu Apr 18 16:15:04 2024
4,person,Thu Apr 18 16:15:04 2024
5,person,Thu Apr 18 16:15:04 2024
5,person,Thu Apr 18 16:15:04 2024
5,person,Thu Apr 18 16:15:04 2024
6,person,Thu Apr 18 16:15:04 2024
5,person,Thu Apr 18 16:15:04 2024
6,person,Thu Apr 18 16:15:05 2024
4,person,Thu Apr 18 16:15:05 2024
5,person,Thu Apr 18 16:15:05 2024
5,person,Thu Apr 18 16:15:05 2024
7,person,Thu Apr 18 16:15:05 2024
6,person,Thu Apr 18 16:15:05 2024
7,person,Thu Apr 18 16:15:05 2024
5,person,Thu Apr 18 16:15:05 2024
5,person,Thu Apr 18 16:15:05 2024
5,person,Thu Apr 18 16:15:06 2024
6,person,Thu Apr 18 16:15:06 2024
5,person,Thu Apr 18 16:15:06 2024
5,person,Thu Apr 18 16:15:06 2024
5,person,Thu Apr 18 16:15:06 2024
5,person,Thu Apr 18 16:15:06 2024
6,person,Thu Apr 18 16:15:06 2024
5,person,Thu Apr 18 16:15:06 2024
5,person,Thu Apr 18 16:15:06 2024
5,person,Thu Apr 18 16:15:06 2024
4,person,Thu Apr 18 16:15:07 2024
5,person,Thu Apr 18 16:15:07 2024
6,person,Thu Apr 18 16:15:07 2024
5,person,Thu Apr 18 16:15:07 2024
5,person,Thu Apr 18 16:15:07 2024
5,person,Thu Apr 18 16:15:07 2024
5,person,Thu Apr 18 16:15:07 2024
5,person,Thu Apr 18 16:15:07 2024
5,person,Thu Apr 18 16:15:07 2024
5,person,Thu Apr 18 16:15:08 2024
5,person,Thu Apr 18 16:15:08 2024
5,person,Thu Apr 18 16:15:08 2024
5,person,Thu Apr 18 16:15:08 2024
5,person,Thu Apr 18 16:15:08 2024
5,person,Thu Apr 18 16:15:08 2024
5,person,Thu Apr 18 16:15:08 2024
5,person,Thu Apr 18 16:15:08 2024
5,person,Thu Apr 18 16:15:08 2024
5,person,Thu Apr 18 16:15:08 2024
5,person,Thu Apr 18 16:15:09 2024
5,person,Thu Apr 18 16:15:09 2024
5,person,Thu Apr 18 16:15:09 2024
5,person,Thu Apr 18 16:15:09 2024
6,person,Thu Apr 18 16:15:09 2024
6,person,Thu Apr 18 16:15:09 2024
7,person,Thu Apr 18 16:15:09 2024
5,person,Thu Apr 18 16:15:09 2024
7,person,Thu Apr 18 16:15:09 2024
6,person,Thu Apr 18 16:15:10 2024
5,person,Thu Apr 18 16:15:10 2024
5,person,Thu Apr 18 16:15:10 2024
5,person,Thu Apr 18 16:15:10 2024
5,person,Thu Apr 18 16:15:10 2024
6,person,Thu Apr 18 16:15:10 2024
7,person,Thu Apr 18 16:15:10 2024
7,person,Thu Apr 18 16:15:10 2024
7,person,Thu Apr 18 16:15:10 2024
8,person,Thu Apr 18 16:15:11 2024
8,person,Thu Apr 18 16:15:11 2024
7,person,Thu Apr 18 16:15:11 2024
7,person,Thu Apr 18 16:15:11 2024
6,person,Thu Apr 18 16:15:11 2024
6,person,Thu Apr 18 16:15:11 2024
6,person,Thu Apr 18 16:15:11 2024
5,person,Thu Apr 18 16:15:11 2024
5,person,Thu Apr 18 16:15:11 2024
6,person,Thu Apr 18 16:15:12 2024
5,person,Thu Apr 18 16:15:12 2024
7,person,Thu Apr 18 16:15:12 2024
6,person,Thu Apr 18 16:15:12 2024
5,person,Thu Apr 18 16:15:12 2024
5,person,Thu Apr 18 16:15:12 2024
5,person,Thu Apr 18 16:15:12 2024
5,person,Thu Apr 18 16:15:12 2024
6,person,Thu Apr 18 16:15:12 2024
6,person,Thu Apr 18 16:15:13 2024
5,person,Thu Apr 18 16:15:13 2024
5,person,Thu Apr 18 16:15:13 2024
5,person,Thu Apr 18 16:15:13 2024
5,person,Thu Apr 18 16:15:13 2024
5,person,Thu Apr 18 16:15:13 2024
5,person,Thu Apr 18 16:15:13 2024
8,person,Thu Apr 18 16:15:13 2024
7,person,Thu Apr 18 16:15:13 2024
6,person,Thu Apr 18 16:15:14 2024
5,person,Thu Apr 18 16:15:14 2024
6,person,Thu Apr 18 16:15:14 2024
5,person,Thu Apr 18 16:15:14 2024
6,person,Thu Apr 18 16:15:14 2024
4,person,Thu Apr 18 16:15:14 2024
4,person,Thu Apr 18 16:15:14 2024
5,person,Thu Apr 18 16:15:14 2024
5,person,Thu Apr 18 16:15:14 2024
5,person,Thu Apr 18 16:15:14 2024
5,person,Thu Apr 18 16:15:15 2024
4,person,Thu Apr 18 16:15:15 2024
4,person,Thu Apr 18 16:15:15 2024
4,person,Thu Apr 18 16:15:15 2024
7,person,Thu Apr 18 16:15:15 2024
6,person,Thu Apr 18 16:15:15 2024
9,person,Thu Apr 18 16:15:15 2024
5,person,Thu Apr 18 16:15:15 2024
8,person,Thu Apr 18 16:15:15 2024
7,person,Thu Apr 18 16:15:16 2024
7,person,Thu Apr 18 16:15:16 2024
6,person,Thu Apr 18 16:15:16 2024
5,person,Thu Apr 18 16:15:16 2024
5,person,Thu Apr 18 16:15:16 2024
5,person,Thu Apr 18 16:15:16 2024
5,person,Thu Apr 18 16:15:16 2024
5,person,Thu Apr 18 16:15:16 2024
5,person,Thu Apr 18 16:15:16 2024
5,person,Thu Apr 18 16:15:17 2024
5,person,Thu Apr 18 16:15:17 2024
5,person,Thu Apr 18 16:15:17 2024
6,person,Thu Apr 18 16:15:17 2024
4,person,Thu Apr 18 16:15:17 2024
4,person,Thu Apr 18 16:15:17 2024
4,person,Thu Apr 18 16:15:17 2024
5,person,Thu Apr 18 16:15:17 2024
2,person,Thu Apr 18 16:15:18 2024
2,person,Thu Apr 18 16:15:18 2024
2,person,Thu Apr 18 16:15:19 2024
2,person,Thu Apr 18 16:15:19 2024
2,person,Thu Apr 18 16:15:19 2024
3,person,Thu Apr 18 16:15:19 2024
2,person,Thu Apr 18 16:15:19 2024
